{
  "dataset_name": "Influenza A",
  "train_size": 190,
  "test_size": 48,
  "train_ratio": 0.8,
  "num_experiments": 140,
  "best_config": {
    "order": 2,
    "partitions": 9,
    "mf_type": "trapezoidal",
    "margin_percent": 0.1
  },
  "best_metrics": {
    "RMSE": 2975.629975969609,
    "MAE": 1985.2861111111108,
    "MAPE": 299.65015313289916
  },
  "timestamp": "2026-02-11T11:34:15.626069"
}