{
  "Stability": {
    "RMSE_train": 0.7574111512214137,
    "RMSE_test": 1.0574337868208676
  },
  "Flow": {
    "RMSE_train": 0.5771104903822781,
    "RMSE_test": 0.7848134204060634
  },
  "ITSM20": {
    "RMSE_train": 401.3104827713803,
    "RMSE_test": 576.6681300888067
  },
  "ITSM30": {
    "RMSE_train": 121.90782472098932,
    "RMSE_test": 184.55041107401766
  }
}