{
  "dataset_name": "Influenza B",
  "train_size": 190,
  "test_size": 48,
  "train_ratio": 0.8,
  "num_experiments": 140,
  "best_config": {
    "order": 1,
    "partitions": 11,
    "mf_type": "trapezoidal",
    "margin_percent": 0.1
  },
  "best_metrics": {
    "RMSE": 371.37574613985856,
    "MAE": 273.0590909090909,
    "MAPE": 101.36380246830896
  },
  "timestamp": "2026-02-11T09:54:45.261441"
}