{
  "dataset_name": "Total Specimens",
  "train_size": 190,
  "test_size": 48,
  "train_ratio": 0.8,
  "num_experiments": 140,
  "best_config": {
    "order": 1,
    "partitions": 9,
    "mf_type": "triangular",
    "margin_percent": 0.1
  },
  "best_metrics": {
    "RMSE": 9284.725845973904,
    "MAE": 7695.288541666668,
    "MAPE": 11.159490537825185
  },
  "timestamp": "2026-02-11T11:34:11.476388"
}