{
  "Stability": {
    "RMSE_train": 0.7574111512214154,
    "RMSE_test": 1.057433786820863
  },
  "Flow": {
    "RMSE_train": 0.5771104903822749,
    "RMSE_test": 0.784813420406058
  },
  "ITSM20": {
    "RMSE_train": 401.3104827713811,
    "RMSE_test": 576.6681300888081
  },
  "ITSM30": {
    "RMSE_train": 121.9078247209902,
    "RMSE_test": 184.5504110740196
  }
}