{
  "dataset_name": "Mackey-Glass",
  "train_size": 800,
  "test_size": 200,
  "train_ratio": 0.8,
  "num_experiments": 140,
  "best_config": {
    "order": 4,
    "partitions": 17,
    "mf_type": "trapezoidal",
    "margin_percent": 0.1
  },
  "best_metrics": {
    "RMSE": 0.046548929744519095,
    "MAE": 0.036178295601823535,
    "MAPE": 6.200188417196091
  },
  "timestamp": "2026-02-11T11:34:07.426415"
}